salary,age,elevel,car,zipcode,credit,brand
82523.83897,51,1,8,3,141657.6066,0
83273.92858,46,3,18,6,213961.3683,0
51475.90385,66,0,15,6,82059.50124,0
60787.31789,76,0,18,4,249276.4594,0
125904.7705,42,3,7,4,459119.1703,1
82393.18331,30,3,18,2,418293.0027,0
56005.11925,35,0,14,3,205351.3555,0
70241.27167,62,0,12,8,330532.1436,0
47920.93459,40,4,17,2,258034.2439,1
125879.9263,50,0,10,2,123780.8945,1
40807.20921,63,4,11,8,382144.4715,0
21345.30153,58,2,17,1,229348.2591,1
104313.0611,39,2,14,6,449116.2571,0
78782.0755,45,4,1,5,6240.849841,0
60337.24179,75,1,19,3,326574.844,0
80167.41265,50,3,17,4,157123.7242,0
86721.10041,56,4,17,5,43340.83144,0
69616.73695,58,2,9,5,419945.1777,1
35455.15123,74,3,16,5,134287.4444,0
88058.88215,30,1,1,6,397398.477,0
73174.23422,44,1,1,3,225058.1961,0
85553.37611,34,0,7,0,146998.3624,0
124031.2519,52,3,5,6,0.0,1
95841.68296,54,1,19,8,469014.4877,0
66201.71945,38,2,18,6,423150.0725,0
54744.77638,72,2,18,2,238827.5593,0
116250.8583,41,2,20,8,63761.49259,0
46620.66817,72,4,19,3,252582.2808,0
80746.75557,33,0,13,4,420476.9189,0
71933.45209,63,0,1,1,433606.1496,0
21070.42819,67,2,16,2,22896.26734,1
124255.9939,43,3,11,4,235693.4663,1
42176.58265,63,3,20,2,185901.9122,0
47376.99769,67,2,2,3,455074.8716,0
51763.10865,75,3,8,1,56667.39375,0
103896.0518,46,0,9,3,425032.7954,0
79496.43241,34,0,13,0,363107.5359,0
83138.09967,22,4,13,4,159897.0432,0
92428.27333,37,2,5,3,255023.9144,0
64788.44873,79,4,5,1,77918.10245,0
135639.8791,27,4,19,6,19186.17634,1
105017.6357,78,0,8,0,60901.15443,1
30651.27828,70,3,4,6,274973.3405,0
124914.8927,20,3,14,0,422490.7151,1
51554.6034,43,1,6,8,403873.2068,1
41756.58586,30,0,9,8,261237.0119,1
40777.17765,24,3,18,2,389602.4913,1
22852.18355,20,3,19,3,471134.0016,1
46972.72177,58,4,1,3,202696.6148,1
81360.09472,57,2,1,5,464026.0106,0
118399.6735,52,3,2,2,349837.5019,0
97797.99614,51,1,17,0,322701.6857,0
34013.2303,37,4,2,7,35509.86716,1
39825.37599,67,0,8,4,449697.2514,0
42887.81182,68,0,8,5,311664.9223,0
136958.0552,62,3,1,2,471262.0422,1
73966.94405,28,1,4,6,427243.0564,0
58996.45533,43,2,9,4,327786.8183,1
147256.2284,54,0,7,1,494074.745,1
137604.4732,80,2,17,1,129093.431,1
67246.29728,70,1,7,4,241223.8674,0
111248.5351,53,1,18,4,464879.9246,0
138762.6193,27,3,18,7,270868.1454,1
130104.2157,57,0,3,0,0.0,1
66419.40224,70,1,1,6,430196.5454,0
105905.1717,78,1,14,4,221805.0272,1
66718.68592,22,3,3,0,359392.595,0
105371.3765,28,0,17,3,118819.0244,1
150000.0,20,3,8,1,52783.80121,1
78824.04664,70,1,13,6,36615.60833,1
104203.6653,20,0,5,4,472282.7269,1
81031.0909,20,3,7,8,281226.6043,0
35394.28221,26,1,18,4,461495.7806,1
93010.35031,44,4,14,8,500000.0,0
89977.24698,29,2,13,7,119006.3796,0
71357.38975,62,0,18,3,413141.1401,0
86564.44796,33,2,9,5,477016.951,0
141029.8191,22,2,10,8,166924.9082,1
104962.6416,45,4,10,1,344391.502,0
91708.12335,50,3,11,8,446718.263,0
79017.63427,24,1,11,1,182439.1782,0
126987.4355,77,3,10,8,276517.6124,1
50959.11776,69,2,11,4,158345.5348,0
97361.54119,52,2,2,1,472890.1963,0
57871.06916,27,4,18,5,40516.26375,0
114719.9929,35,2,1,6,371147.6246,1
127173.5961,33,2,5,7,278513.526,1
22550.37379,78,3,20,2,358223.8561,1
41046.87118,46,2,13,3,261612.2675,1
124898.0764,41,4,10,8,425863.757,1
126582.4113,54,1,8,8,230828.1126,1
102972.1702,51,0,7,2,157549.9681,0
28104.2676,79,0,8,3,212529.6273,0
91758.28955,55,0,5,4,95280.30363,0
64470.53502,72,0,4,5,72924.56732,0
70008.3427,44,4,17,2,369048.2027,1
43081.31822,41,1,6,5,191982.4034,1
81168.48296,34,4,10,3,35099.85573,0
37764.29766,25,1,8,2,284129.4257,1
150000.0,23,4,18,3,500000.0,1
30760.74623,78,3,4,1,224080.096,0
115765.8595,71,4,20,6,394825.6264,1
50168.50762,34,2,18,4,187646.3446,1
108117.3094,44,2,9,5,304615.6456,0
117407.261,23,1,5,0,302195.4793,1
47941.2591,24,0,3,7,83615.7243,0
98186.30577,76,3,8,1,199271.624,1
123561.0308,48,2,19,8,76055.51482,0
85061.24877,32,1,12,6,474664.1651,0
42224.98333,60,1,5,1,166459.6241,0
118559.7817,72,3,3,2,287256.5499,1
120060.6862,21,1,17,2,241135.1946,1
62275.60136,49,2,17,8,428596.1819,1
48687.53178,41,2,2,8,201617.3953,1
124449.2735,76,1,1,5,124080.9386,1
102587.4285,20,1,20,6,291874.2933,1
37922.35501,44,2,10,0,411478.2194,1
20000.0,69,2,14,2,203408.6924,1
20863.03794,53,4,3,0,91408.7083,1
97753.98263,48,1,18,1,228509.3055,0
76230.20993,70,2,18,0,239003.9728,1
61490.09424,69,1,19,7,122582.229,0
71638.6117,26,1,7,6,173247.3789,0
119640.7793,33,2,20,3,331233.6448,1
85002.33367,62,4,7,8,79004.52057,1
126499.072,78,4,10,4,477178.6408,1
78407.74455,23,2,15,3,198359.2028,0
78825.20872,41,2,7,4,276219.7638,0
84333.9113,69,3,17,1,227553.5108,1
141174.4209,71,3,3,5,248924.0085,1
36326.11199,57,2,5,4,416774.0346,1
57481.24511,80,2,20,7,87090.63941,0
76974.37959,70,0,17,5,235786.548,1
122464.6149,35,4,4,7,474694.3411,1
115800.1138,30,4,13,0,462889.3802,1
43973.41539,49,4,9,3,436988.9052,1
138893.0818,51,4,4,8,247379.1391,1
136962.606,74,1,1,8,420048.2066,1
116528.7053,76,0,12,5,167440.0038,1
130833.0008,23,2,16,5,29638.03906,1
103581.5907,77,0,18,6,450230.0564,1
77603.71927,71,0,3,7,41068.79664,1
25721.72544,24,2,10,4,141667.1945,1
125982.6712,53,1,2,3,251534.6838,1
102942.1021,30,3,9,7,418543.0306,1
122105.3795,33,4,18,6,308658.6156,1
146777.3863,24,1,14,4,282599.7609,1
141049.4866,39,4,5,6,27116.55534,1
126448.6574,61,0,11,5,500000.0,1
58090.26917,62,0,1,8,217997.9872,0
74253.30416,67,1,18,8,50630.05515,1
137550.1396,42,2,4,2,277726.9151,1
70768.34809,36,0,11,4,249317.2793,0
114737.6349,40,3,14,7,284935.9197,0
94961.68156,36,1,20,0,56898.47698,0
40597.46719,20,0,7,5,307315.7656,1
76354.84474,26,0,5,3,339813.8804,0
105552.4818,61,0,1,7,445405.4449,1
91168.86289,75,0,1,6,318103.1376,1
80282.98752,68,1,20,7,396729.7297,1
98032.43651,32,1,10,5,407000.2727,0
57356.59966,73,4,19,2,228469.5188,0
45072.35215,77,0,15,4,90572.80287,0
32004.33705,54,0,13,0,78329.76304,1
31247.7923,33,3,5,0,262716.466,1
123414.4505,51,0,15,2,126588.8678,1
102491.2198,60,2,1,1,431329.0163,1
129922.4595,47,2,13,5,465367.285,1
84956.02521,40,0,2,3,19313.86366,0
142684.7682,67,4,15,4,389508.657,1
88022.64951,33,4,20,1,67203.58854,0
79307.38421,41,3,3,8,298115.4446,0
131026.4874,78,3,2,1,264037.6079,1
98947.96129,42,3,15,7,47600.89116,0
114155.581,69,3,20,4,76642.88812,1
90816.37715,49,1,17,0,168983.5016,0
39974.65829,38,1,1,3,411599.372,1
92748.35104,23,2,13,6,376689.6652,0
52381.55815,71,2,19,2,53691.27441,0
109696.8907,33,2,19,1,306930.8132,1
150000.0,71,0,20,6,198375.7234,1
47817.84173,77,4,6,8,295701.6721,0
129804.126,39,2,19,4,430324.8617,1
90560.66979,77,0,19,6,469039.022,1
60790.38134,55,0,7,4,417998.7835,1
51937.83307,50,3,11,7,180286.3702,1
75127.15274,58,1,6,4,239634.2341,1
35163.88797,79,0,15,3,134335.7574,0
71603.97299,52,2,12,1,116490.9076,1
125684.3106,71,4,2,7,75617.26886,1
59632.25172,33,2,13,2,252940.2811,0
142513.9,41,0,18,7,98291.30237,1
104773.2122,46,3,12,0,334005.1613,0
125359.1955,27,1,18,2,472226.632,1
102822.3753,66,4,5,7,262757.0305,1
142989.9354,43,2,19,4,375447.0364,1
109304.7165,61,1,3,8,88362.85209,1
139245.1188,37,2,5,1,42994.18849,1
48816.16877,54,0,19,2,344485.8304,1
125267.5285,36,2,18,0,50457.25686,1
148913.4369,30,1,19,4,366874.0631,1
114830.9249,72,0,20,7,183800.4905,1
123235.8102,60,1,20,6,500000.0,1
89350.37006,40,4,20,5,32435.88793,0
142993.2327,36,1,11,1,140425.802,1
114758.762,68,2,14,8,404982.1119,1
22229.85426,29,4,12,2,437096.8629,1
141199.8067,51,3,9,2,74644.38473,1
60916.15423,51,0,4,4,29687.24726,1
130713.5948,40,3,12,2,56376.68577,1
129002.9207,63,3,6,2,425581.4366,1
60510.33735,70,1,19,3,442853.1873,0
58602.99107,29,4,11,0,206282.9013,0
52205.66794,34,4,14,7,274402.4457,0
81450.61739,58,2,1,6,131665.4479,0
72199.17821,31,4,14,5,302651.4867,0
127786.606,46,2,16,1,0.0,1
37564.26825,72,1,11,7,407501.0746,0
104200.8434,64,0,6,2,196894.3018,1
80030.00439,22,4,15,8,390769.0935,0
115322.3206,31,1,10,8,241098.2754,1
71814.84043,67,3,8,4,32092.45823,0
86877.1143,63,3,5,6,378365.476,1
27146.33944,49,3,20,2,8953.972124,1
63284.71451,36,1,15,8,337130.4733,0
100933.2663,71,3,20,6,278940.4201,1
143926.3711,28,3,20,5,89790.06468,1
79139.62098,80,4,2,1,13717.50551,0
90277.42898,80,4,11,8,140418.7736,1
54118.4336,76,3,3,6,466775.872,0
97893.25638,61,0,10,1,474945.8107,1
82815.5434,41,0,11,4,500000.0,0
148296.65,22,1,17,7,264466.0172,1
63049.17146,69,0,12,3,385233.5505,0
51783.31546,80,3,12,7,468442.5132,0
37925.72851,77,2,17,0,242963.7613,0
116008.0933,34,0,12,7,160955.336,1
35620.2353,70,2,19,8,26058.18459,0
62533.03539,64,3,7,3,287363.1168,0
130105.7506,24,1,20,6,450609.6355,1
29749.4862,78,4,15,7,257292.2451,0
97669.10737,67,0,3,0,206482.5332,1
93344.43409,23,4,16,3,12468.53599,0
25493.9877,36,0,1,5,257244.3148,1
40552.57176,55,1,15,2,151100.7491,1
77614.4625,51,3,14,6,0.0,0
133205.7254,23,0,17,1,156677.8004,1
68348.53865,64,3,10,0,417646.9735,0
70906.75242,56,4,11,5,0.0,1
77233.76907,73,0,18,7,477469.4867,1
67657.81084,58,1,14,2,45059.43665,1
143060.6818,30,3,18,7,391695.9481,1
147937.0685,41,2,11,7,42354.73178,1
129463.5122,80,3,14,6,405806.2747,1
52949.16278,63,0,7,0,442363.2162,0
78120.11486,54,3,8,3,152523.8094,0
111189.0398,33,1,7,4,149039.6527,1
136275.5045,54,3,14,1,34808.2013,1
40437.22038,56,1,18,0,162254.9757,1
63527.70821,41,3,15,0,425826.2839,1
21126.13814,61,0,20,7,112727.118,1
132454.5989,37,2,4,0,22796.54745,1
26937.44371,40,1,17,5,297295.8256,1
90811.12599,42,4,9,3,86454.34059,0
107455.3649,51,0,16,8,308047.2318,0
124808.5224,76,0,11,2,323022.621,1
37479.99886,20,4,4,1,410739.6896,1
73611.10412,68,3,1,2,312588.5565,0
50395.58178,28,4,8,0,379625.8939,1
71970.32457,27,3,10,6,463247.4867,0
73119.92519,44,4,18,0,38814.7038,1
49351.13734,32,2,10,0,300902.5315,1
52372.29479,43,1,7,4,349856.8397,1
40892.45979,42,1,6,5,188957.3414,1
139023.1273,20,4,5,5,104680.5184,1
140931.9435,45,3,15,6,49061.59666,1
52566.45174,71,4,5,5,314481.0554,0
90992.62484,27,1,10,1,138893.8055,0
106641.084,50,0,17,5,66591.92741,0
111128.1033,76,4,11,6,86871.40729,1
138388.6703,65,2,19,4,199243.198,1
66258.00373,50,0,12,0,289579.9395,1
25086.2967,29,4,15,5,407093.8974,1
42325.29866,67,4,5,7,300351.994,0
91888.84731,58,4,7,8,75704.44308,0
21221.29813,23,2,13,1,344746.368,1
48452.2581,47,0,10,8,387229.9544,1
83137.80268,68,1,14,7,398524.0977,1
84452.19118,27,3,11,5,214214.5143,0
63484.93507,40,0,11,6,32672.45639,1
74139.13223,26,1,3,8,255001.1812,0
99523.88097,55,4,13,6,178723.1268,0
150000.0,36,4,14,1,135584.4804,1
40847.99492,71,2,1,1,90449.37911,0
61079.17841,40,1,18,5,195585.406,1
143519.587,56,2,2,3,185572.3519,1
99417.73531,32,2,2,8,33880.24129,0
81297.5268,68,1,17,4,472520.8553,1
32539.90664,67,4,9,3,26613.75339,0
49540.82342,58,4,4,5,209548.4002,1
138810.1479,64,4,14,6,266488.6727,1
142843.9572,63,3,14,4,198330.4117,1
142242.1431,43,0,15,3,195496.6787,1
75817.74194,61,4,5,8,41420.26181,1
132840.1649,42,2,10,0,485443.2794,1
57030.03863,23,4,12,3,237213.6995,0
66329.12629,36,3,17,6,369720.6585,0
55914.38172,45,3,8,4,200552.0922,1
52402.77066,38,4,15,8,83066.52285,1
137306.4566,43,1,7,1,302713.6834,1
101307.9145,25,2,17,2,333542.2485,1
61728.08564,56,1,5,8,468419.0861,1
76623.2976,26,1,20,1,276471.1771,0
146859.2794,46,4,1,7,333101.9542,1
73955.16249,36,0,9,0,443255.8299,0
108750.2014,61,4,3,1,172115.0093,1
76794.29133,64,3,15,1,75723.48162,1
78098.32868,22,4,9,5,54507.58813,0
118284.2705,68,4,11,8,283326.8882,1
62286.45225,47,2,16,8,75653.36494,1
22220.17408,54,4,3,5,450939.1686,1
109549.431,56,2,17,8,462089.7915,0
140697.3089,69,0,20,5,255337.255,1
46990.10958,73,3,4,6,149942.844,0
78483.73035,65,3,11,5,343226.2001,1
43891.56968,77,4,10,6,161369.8533,0
29482.81868,57,1,14,0,221367.0628,1
150000.0,65,1,20,8,83166.3364,1
150000.0,24,4,5,8,134339.3949,1
76320.6989,57,0,16,1,79991.18209,1
37866.48004,32,3,6,8,479665.9554,1
136064.627,32,2,18,3,106617.9865,1
150000.0,47,2,5,3,178552.4317,1
37035.58845,64,0,2,4,430163.3555,0
105028.0305,39,0,9,6,500000.0,0
109770.4385,47,3,11,8,333436.7546,0
44066.05921,60,4,10,2,181206.0711,0
139330.2229,73,3,6,8,104040.5731,1
103153.9899,79,0,1,4,204798.2576,1
58690.88241,57,2,3,2,321606.6016,1
30332.45658,67,4,14,6,475564.424,0
90678.14951,43,2,16,6,319219.4426,0
109644.3965,24,3,14,8,358954.8191,1
69005.20497,49,1,3,5,18423.79355,1
103922.428,23,4,9,5,405893.2985,1
106671.5149,58,3,15,0,235590.7938,0
80362.47045,38,4,10,3,407341.3584,0
136687.0725,44,4,15,5,330432.877,1
72444.86473,60,3,18,5,489115.117,0
132842.7175,36,1,15,1,482720.4272,1
116281.6741,25,1,17,5,177293.9883,1
68680.19767,48,3,1,3,307693.5944,1
141803.7458,66,3,8,4,450088.3403,1
65642.38258,54,4,8,8,453676.0102,1
130499.2342,21,4,10,8,433286.9154,1
140336.9426,38,1,13,0,400679.8107,1
72328.47527,72,1,7,4,47160.61824,0
134957.3552,74,0,17,0,118131.322,1
143027.8673,53,2,1,2,100554.3806,1
36400.71601,59,0,6,7,65093.18022,1
26031.11306,56,1,12,0,338602.4266,1
86207.88163,47,4,12,4,296202.7906,0
117156.7887,75,3,9,5,300950.424,1
76727.48056,39,1,19,6,371292.15,0
31258.9147,42,0,11,1,329506.3017,1
57249.62632,54,3,14,3,456410.2828,1
92028.47682,61,0,15,3,465383.8523,1
108852.6071,20,4,5,7,372467.6351,1
47066.89583,57,2,12,4,287239.766,1
140087.1515,27,3,2,2,408892.538,1
98730.46177,24,2,15,6,235430.1087,0
132970.1554,24,4,14,5,305754.0925,1
28475.6638,73,4,13,8,442056.7281,0
65863.8693,59,1,9,1,90928.10954,1
99123.218,52,2,18,7,460830.3093,0
134388.9117,23,3,14,8,162968.6109,1
38376.14866,75,4,2,8,337329.5399,0
135409.7267,79,0,18,2,173684.38,1
94963.23312,54,1,14,2,291187.6177,0
44002.26174,74,0,18,7,39683.38921,0
33156.79718,73,1,6,7,63779.1544,0
42245.67618,74,3,18,4,137882.413,0
54741.16061,21,1,3,1,353096.4069,0
44336.57202,21,4,3,4,437012.2897,1
130659.5981,52,1,10,7,30504.0452,1
44720.2626,53,1,16,5,370786.5517,1
80429.51797,74,0,14,7,159530.6301,1
107568.8733,45,3,19,8,439431.4756,0
94639.32144,20,3,2,6,26878.22524,0
129171.0353,57,1,7,6,339736.3049,1
58114.10186,21,0,12,7,392349.6145,0
125838.8376,47,0,7,0,444088.8338,1
93127.53473,74,4,2,1,301543.5961,1
120177.9575,70,3,6,4,23141.75661,1
97830.6173,32,2,9,3,467295.7564,0
81126.70197,27,1,6,8,212711.4926,0
46900.29866,62,1,16,4,439449.2165,0
123337.2495,72,3,15,3,129613.7401,1
116201.3074,41,4,18,8,332684.1793,0
91290.84638,47,2,14,2,135722.7905,0
32892.23415,75,2,20,6,45224.38695,0
76160.35773,56,3,10,6,257279.7543,1
124562.5583,53,0,19,5,109415.0688,1
52670.65248,79,3,12,8,275263.4629,0
65293.46058,35,0,7,3,313569.5485,0
138856.3164,54,1,2,3,453773.0065,1
122192.9496,38,3,10,7,367631.963,1
104630.4323,29,3,9,4,240267.6185,1
88095.77174,34,1,12,0,279258.3288,0
98501.12792,69,2,9,4,48842.41293,1
120640.235,50,2,18,1,156087.3325,0
129505.6701,42,3,20,0,421986.4959,1
118629.475,20,4,17,5,462810.8779,1
104505.4652,52,3,1,7,94343.46315,0
91571.54788,44,0,13,2,440917.4869,0
81018.55222,75,2,4,4,18925.0021,1
55898.16297,40,3,17,6,276822.2457,1
115011.2826,51,4,6,6,317254.9571,0
55466.79765,54,1,20,1,112109.5324,1
92795.42117,66,1,18,4,6259.957775,1
81294.36542,52,1,10,3,0.0,0
135583.9408,69,1,15,2,271709.5145,1
76283.84299,31,4,3,3,32158.2197,0
51916.2733,69,1,8,0,353273.7069,0
145612.598,51,1,8,3,301836.1751,1
94497.95915,60,2,9,1,86903.09391,1
56960.46391,27,1,8,3,408452.2193,0
124939.8202,80,0,4,0,293221.0326,1
114654.9216,51,2,14,3,278072.8898,0
22777.57836,62,3,3,6,168640.5721,1
147853.8663,50,3,3,6,51088.15306,1
140133.953,43,2,18,5,265621.2205,1
61514.01533,47,1,16,6,294983.0998,1
150000.0,63,3,10,2,425661.8952,1
89890.52732,60,4,9,2,168720.4494,1
101572.6946,46,0,16,5,99340.76734,0
78012.95122,39,4,16,8,494168.9638,0
35598.05279,72,2,10,5,306511.3851,0
66046.75103,71,4,20,1,358286.3147,0
116475.5131,32,2,3,6,97237.90674,1
58811.48085,39,2,17,8,428296.7706,0
29107.42137,50,0,5,8,239135.9723,1
88963.91817,70,0,3,3,142536.1708,1
46959.12771,35,0,7,2,206404.021,1
54103.22757,20,3,15,6,111538.041,0
32819.18562,80,0,15,5,44074.96198,0
83671.52437,67,1,11,5,45509.71031,1
99811.29813,69,2,13,5,199408.4901,1
71528.58927,47,0,15,6,359610.502,1
50645.92335,47,4,20,3,41873.65888,1
105962.6212,60,4,11,2,283231.9377,1
145781.9156,26,1,17,8,0.0,1
113794.8051,31,1,3,0,209477.6593,1
142689.4799,50,0,6,8,44193.57978,1
87101.78174,40,3,9,0,301624.3259,0
104060.8657,77,0,14,0,500000.0,1
112649.4466,38,0,1,1,32332.09015,1
28317.07572,30,0,16,1,286510.7891,1
84838.81147,56,2,4,4,487484.2625,0
121229.83,62,1,8,4,159753.8293,1
58034.94861,51,3,4,7,11789.20367,1
87689.74697,49,1,17,8,293835.9857,0
62086.15538,47,2,16,7,189275.7486,1
143245.8031,45,4,9,3,490516.5085,1
75703.55594,25,1,14,7,361376.3187,0
28478.42707,36,3,12,5,442224.1549,1
64949.80977,78,0,13,7,38560.28119,0
133994.2555,43,1,8,8,386874.16,1
34553.86447,25,1,2,3,238659.2727,1
115979.234,32,1,11,4,293417.6628,1
141721.6422,20,4,3,4,305502.492,1
115849.1026,74,0,11,1,59670.62227,1
150000.0,34,1,14,8,186954.9518,1
94309.77366,39,0,13,0,181923.981,0
21491.65568,28,1,1,0,401584.2121,1
44780.7596,63,4,17,5,135774.1475,0
56898.9843,20,4,15,1,362385.1302,0
37659.56249,58,0,2,5,322274.9136,1
21706.27816,21,0,9,8,95458.36773,1
77244.35355,58,2,9,5,499331.9336,1
92617.03514,56,4,1,7,298942.8367,0
61633.5168,24,3,17,6,71009.97622,0
115740.9794,70,3,9,1,40744.8233,1
85044.19908,41,2,14,7,151978.3363,0
37259.5375,33,3,8,7,376173.5875,1
26592.62223,37,0,11,8,367005.6485,1
25612.16211,56,0,11,4,408181.7856,1
94584.75306,80,4,14,3,40707.23006,1
67405.79045,44,4,6,1,500000.0,1
27632.42213,72,2,2,2,224595.8007,0
41535.0995,80,2,3,5,378273.1889,0
146871.3653,57,3,14,4,330876.0852,1
60169.44614,71,1,7,7,165327.627,0
90654.05978,61,0,9,5,79770.08152,1
46137.10471,41,1,20,2,271616.9791,1
41379.61441,40,0,20,0,65641.30156,1
82081.56063,62,4,17,1,417279.9607,1
124912.4884,77,0,11,0,344240.1085,1
89944.84523,42,2,20,7,261937.94,0
65668.30698,73,0,19,0,209625.5612,0
21976.48913,29,3,12,4,467148.8462,1
79920.58249,76,3,19,6,294407.9064,1
41336.89427,51,0,7,2,64019.12478,1
126356.2618,30,1,4,0,308634.0324,1
122813.4214,55,3,4,0,0.0,0
92107.27966,65,3,5,6,91370.52151,1
21464.20052,24,3,8,4,206593.5698,1
67666.85616,41,4,17,8,442677.6515,1
114678.5585,67,0,20,6,27650.74995,1
146907.9968,72,2,2,2,133550.077,1
37027.87279,42,0,9,3,463222.0292,1
118089.5941,28,4,6,1,115182.3293,1
128680.3564,29,2,13,1,217858.8311,1
40634.47081,51,3,14,0,500000.0,1
136605.496,72,4,17,1,266893.8276,1
77122.86986,56,4,14,6,410853.5153,0
147156.8675,53,1,5,1,52177.45291,1
145160.2117,68,1,12,6,25437.69858,1
29543.438,63,4,9,1,89213.43429,0
125099.1311,42,0,6,8,279479.9797,1
24137.82035,74,1,17,1,486179.7166,1
83808.49134,74,0,13,6,206671.2585,1
63812.62654,54,2,13,6,440583.9519,1
26372.94581,43,2,13,4,440394.6397,1
121272.0978,30,3,6,3,492486.0348,1
21284.84789,30,0,17,0,426076.1321,1
24426.47674,56,0,7,1,331780.9394,1
108066.5163,28,4,8,5,4781.776434,1
24856.59305,42,3,17,6,218279.4281,1
131874.5258,73,3,2,5,57311.25451,1
36989.56227,36,4,19,0,171816.619,1
23644.73966,32,2,2,1,36129.22735,1
135790.0313,25,2,19,2,83634.29476,1
111526.3853,60,4,6,0,428736.0632,1
38781.40083,40,2,11,4,305048.479,1
100514.5765,30,2,12,1,111608.526,1
30936.85519,46,3,10,8,500000.0,1
149294.3158,33,0,1,1,343948.3696,1
100278.7951,63,4,18,5,366502.9194,1
137004.5164,65,1,11,8,80394.09653,1
55899.97587,38,1,7,7,155409.7178,0
142352.6389,47,1,12,2,253920.1754,1
133838.3701,40,1,15,2,459910.8803,1
120260.6492,78,4,2,4,373687.1064,1
86968.74721,72,3,6,2,348852.5249,1
146168.0603,36,4,15,2,130068.0338,1
112823.5007,20,4,6,5,214218.9553,1
48471.46122,52,2,3,8,284074.2714,1
115956.7717,67,3,17,8,293259.8794,1
66208.25819,41,2,18,4,98561.18713,1
126179.3085,21,3,7,8,46470.76826,1
144737.5726,48,2,8,1,316287.9722,1
39391.23984,28,3,7,2,447726.3355,1
32345.03407,29,0,8,8,179458.4009,1
76649.99849,70,4,15,2,339726.2489,1
33921.8642,32,3,14,2,244625.1688,1
75424.00634,52,1,2,8,431369.6048,0
116651.2271,36,0,18,2,452374.3536,1
133315.8025,70,3,8,1,282688.9848,1
26788.47949,78,2,2,0,345079.0639,1
148473.3893,33,4,4,5,24169.90352,1
36215.65596,32,4,17,3,475857.6671,1
113445.6578,59,2,14,7,375793.3659,0
150000.0,76,0,6,7,70200.92302,1
40566.32307,23,1,6,3,277507.8476,1
131577.7479,28,2,20,4,421930.9077,1
117084.1924,65,2,15,4,237551.8379,1
20000.0,58,4,2,7,49026.16041,1
53420.40927,47,1,20,3,123750.455,1
36341.04781,55,0,13,2,305955.8499,1
78071.80251,69,0,15,0,35867.79256,1
92592.47106,62,3,12,1,395704.5928,1
81234.46916,65,0,17,8,199897.9936,1
144729.5635,40,2,3,2,471309.151,1
37673.47701,29,3,19,1,459488.691,1
108627.6368,23,4,18,4,172109.5079,1
136859.3678,25,0,17,8,126924.4124,1
84417.76827,76,3,20,1,181632.2772,1
39410.16998,49,1,17,5,112331.4213,1
34988.14844,20,0,1,3,249025.4704,1
129612.1911,37,3,20,2,356423.9978,1
41817.33817,54,1,10,6,4785.408024,1
110731.6505,40,3,15,2,471987.2222,0
99018.5701,25,3,18,4,198566.5906,1
44881.189,46,0,2,7,434620.3573,1
46600.75392,26,2,13,0,471351.1728,1
126732.9237,53,3,7,4,470397.4226,1
147581.4004,22,2,6,8,224225.019,1
118822.1352,34,3,17,6,334971.501,1
100427.7169,62,0,12,4,380733.9806,1
145725.3659,36,0,5,3,363706.0484,1
137714.3281,57,2,1,2,91745.80647,1
150000.0,76,1,13,3,166849.7866,1
69183.22404,57,2,9,4,174120.6566,1
21947.83252,62,0,8,8,156638.4181,1
26393.6841,31,4,15,6,431646.0455,1
141711.8524,66,1,16,7,164144.6439,1
91608.68763,78,4,1,3,85231.43387,1
66979.68434,53,0,2,5,78458.0672,1
150000.0,79,1,2,1,86401.50052,1
30023.72764,23,3,16,4,360439.9454,1
32895.49248,38,4,14,5,301231.1319,1
87424.49171,80,1,19,5,139189.7862,1
43603.55855,57,4,11,1,344263.5366,1
42241.13473,47,4,7,7,79167.72084,1
143484.9055,72,1,4,6,49941.25701,1
94908.33489,69,1,17,8,36145.04599,1
99080.4011,68,4,4,6,40926.66917,1
145890.7549,27,0,12,1,375322.6874,1
124835.6831,32,4,4,2,92544.66318,1
110866.7019,24,2,5,1,220110.7143,1
132251.1503,61,0,1,6,61510.59054,1
104422.8216,41,0,6,3,16400.6107,0
150000.0,28,4,17,4,398952.9642,1
95999.61001,66,0,4,6,299902.1237,1
132180.704,26,2,19,5,274688.1982,1
75771.59923,53,4,15,3,31546.8307,0
85591.31102,75,0,12,4,192260.534,1
134914.8805,41,2,1,7,500000.0,1
102988.7398,57,2,13,4,111601.9923,0
49042.58268,36,2,17,6,500000.0,1
120431.9604,21,0,17,7,61332.49891,1
137071.5469,52,0,6,1,334246.2424,1
85905.63113,79,0,20,4,142999.7879,1
50771.61872,22,3,9,7,309169.3689,0
78533.13479,61,4,7,2,56280.35844,1
27068.47894,55,0,17,3,394786.0175,1
130167.2988,62,4,12,3,347762.5404,1
85935.70196,67,1,9,6,390151.3935,1
145445.6039,77,0,1,2,35543.30931,1
136945.5245,57,3,17,4,342450.4073,1
121188.6814,68,2,18,2,94886.12967,1
45727.85256,26,0,12,2,158981.0543,1
48711.35125,56,2,9,4,122398.3412,1
42664.60518,31,3,13,7,0.0,1
36397.2762,27,1,18,7,368398.1681,1
101490.2232,69,4,20,4,48785.0828,1
115353.2593,37,0,18,8,66297.96725,1
146343.5505,42,2,17,0,444713.8486,1
46085.73269,30,0,15,0,315909.7867,1
45913.89106,56,0,8,1,336562.9938,1
32234.76378,33,2,5,8,264441.9238,1
60457.66134,48,2,10,1,303639.9145,1
32242.77179,26,4,15,8,435616.6362,1
139259.4398,40,1,5,8,311802.0481,1
55885.45812,47,0,2,6,105423.8044,1
28632.30153,33,0,8,3,432897.0613,1
45404.60474,58,3,2,3,399010.1105,1
26844.38646,41,0,17,4,241326.8743,1
117535.5419,69,4,10,1,82009.11827,1
90760.60077,72,4,14,1,50877.51219,1
136781.2958,20,4,7,6,199936.2249,1
119174.025,47,1,6,2,213204.7763,0
146385.5423,67,2,4,4,339025.9941,1
142663.5182,48,1,7,5,266984.2179,1
150000.0,24,4,14,5,241466.9594,1
44586.14296,49,4,6,7,399632.0906,1
28560.79013,40,4,13,4,82890.35031,1
119379.4077,20,2,9,1,241075.704,1
96669.7022,62,0,16,8,76320.74791,1
107642.1791,76,4,15,6,0.0,1
42479.887,34,1,7,3,127751.0784,1
113078.7023,65,4,1,2,383170.1816,1
32095.19257,53,2,6,1,472243.0821,1
107947.9375,25,1,7,2,23400.55651,1
42044.88929,31,0,7,3,326026.1907,1
95068.71972,63,3,8,1,166242.5472,1
107605.5747,25,1,2,4,233589.5673,1
74914.78219,42,4,16,6,159935.0539,0
136571.0576,47,1,17,4,409937.6701,1
111713.5619,75,2,16,8,302776.9752,1
120435.6161,63,1,19,3,69931.06074,1
122817.0148,74,4,12,6,456942.2455,1
134954.0577,24,3,13,8,349248.9071,1
104588.1724,28,4,3,6,500000.0,1
117287.4688,30,2,12,8,74414.55632,1
138897.2222,54,2,17,5,418877.4492,1
131695.1549,71,1,11,5,223108.418,1
113965.2156,25,0,2,8,300394.335,1
150000.0,23,0,16,0,77754.12351,1
65442.63055,57,4,11,3,452146.0793,1
21868.12471,35,4,8,8,128177.6927,1
132313.7319,69,3,9,3,24932.54009,1
123433.643,61,1,7,6,365282.9545,1
65836.96177,43,0,2,8,355892.6776,1
43255.03562,59,0,11,3,235698.7498,1
130943.2381,61,2,11,4,476309.0009,1
102868.7021,63,4,7,3,291643.2587,1
21697.02057,41,2,9,8,477669.7663,1
71230.28326,47,0,8,1,17358.36855,1
76089.51518,47,1,8,3,286268.4729,0
145187.1975,71,3,8,7,343029.0628,1
77505.76086,45,4,17,7,136876.3752,0
122861.2016,79,2,10,2,332037.2941,1
37466.81684,61,0,18,2,453757.8712,0
63599.5948,49,3,3,1,298162.2811,1
30273.69909,26,0,5,7,484361.4782,1
142715.8448,38,2,13,5,282709.9209,1
122398.2109,21,3,18,4,486186.7088,1
135995.216,62,0,18,5,109632.4834,1
28896.36275,23,2,4,1,38617.50989,1
34245.43194,35,1,2,5,162886.2337,1
22489.53233,28,3,9,7,472557.4951,1
80460.49975,76,2,6,7,221630.7485,1
129322.0117,78,2,8,7,160976.4556,1
129699.2514,34,1,19,6,449050.856,1
93900.92309,77,2,3,5,105429.8228,1
132864.3907,54,4,3,8,483213.4733,1
117832.7701,71,0,4,0,113132.243,1
30535.14147,30,2,16,7,438934.9845,1
28057.74945,28,2,12,2,363710.9566,1
36529.3535,30,3,6,7,392488.1988,1
150000.0,55,2,2,6,358602.8868,1
124197.4352,72,3,15,1,169332.9146,1
31397.38169,38,4,15,8,330327.8338,1
126247.1008,29,0,20,2,79071.67307,1
56622.24907,50,3,4,1,123233.9983,1
36083.64258,38,0,19,6,324192.3227,1
32263.10758,36,3,20,1,15046.48963,1
144596.4248,54,0,10,4,287796.2938,1
50641.52166,49,2,6,1,400473.5872,1
145112.0867,77,0,18,7,302130.2062,1
110049.5288,67,1,5,3,165179.4578,1
123563.1873,51,2,7,6,300087.6346,0
82322.35376,78,3,9,1,74791.06916,1
116297.3882,69,0,20,1,46933.77704,1
108343.1793,21,1,11,1,237764.7177,1
116031.9481,25,1,18,8,456006.9803,1
20000.0,29,3,15,8,394601.2013,1
25176.15058,53,2,6,0,88575.08701,1
43754.29763,37,1,5,8,417035.5172,1
114029.7577,24,2,19,7,329548.4042,1
141457.0146,76,3,14,6,81487.11755,1
22177.21115,74,2,18,5,459792.1375,1
29321.15946,20,2,15,6,475287.2181,1
39866.05875,24,4,14,0,272365.2437,1
40997.15928,32,2,14,8,347754.264,1
101048.3482,31,0,4,7,411994.2754,1
20000.0,21,4,5,2,23033.4256,1
150000.0,72,0,6,1,78605.49425,1
30848.55231,72,4,20,6,193406.1519,0
138723.9133,45,4,18,7,235255.2697,1
29056.62673,25,4,5,1,456579.8858,1
134763.2671,61,3,17,7,376601.7819,1
140541.6147,31,1,18,6,216946.6196,1
117786.4408,30,1,9,0,260209.77,1
20000.0,63,0,10,0,326560.1761,1
136504.5211,58,2,10,1,466672.6351,1
125271.4287,62,1,1,5,297047.0255,1
120392.2655,38,0,10,5,456110.1047,1
133787.2795,68,2,19,2,19046.94664,1
116157.597,38,2,13,4,39922.22477,1
145223.8961,66,3,11,1,245791.0415,1
136318.7473,72,3,18,7,92971.36443,1
44768.37911,59,3,17,5,331805.9938,1
121286.0792,51,2,6,6,282077.0313,0
129241.1412,33,4,20,0,323263.3154,1
103817.023,28,1,10,6,136127.2055,1
106475.8914,68,4,9,8,38052.72667,1
33055.66104,38,1,18,2,403095.5168,1
132154.8438,34,4,11,3,85784.57106,1
26837.81968,34,3,2,0,280213.4723,1
85443.23602,74,1,16,2,391849.3506,1
60665.37898,44,3,8,8,180867.6378,1
94423.59126,61,1,20,5,435731.7476,1
126961.1909,36,2,5,7,202589.4437,1
58950.67443,41,4,5,6,462981.4662,1
109499.1868,29,3,18,8,128189.9843,1
128678.5479,37,0,3,8,489081.7672,1
131379.6015,27,1,10,1,84938.83002,1
40863.94382,24,4,10,2,274171.8832,1
141234.2651,73,4,11,0,128817.238,1
32480.5462,38,0,17,3,245794.1613,1
43494.55487,25,1,14,7,195611.8311,1
126298.0823,40,4,2,0,200308.553,1
43758.49136,39,2,15,6,496595.6399,1
147703.8564,22,1,6,3,331579.1505,1
112427.5002,77,3,5,8,353213.4752,1
50154.13749,57,1,16,2,500000.0,1
45452.98844,38,3,3,1,372790.9593,1
38551.39137,56,3,17,0,140622.5748,1
138242.6754,74,1,11,7,73163.20578,1
21111.08983,51,0,6,6,431897.7388,1
51595.03495,53,4,3,4,327473.9699,1
34128.05695,20,3,1,1,94766.42142,1
40294.77519,40,1,17,3,482346.383,1
24469.34641,29,2,10,1,314439.9479,1
31715.23624,27,4,20,6,31725.15079,1
98122.37909,41,4,7,6,62587.96423,0
51738.34825,34,2,4,7,96778.33373,0
114110.6621,70,2,2,7,186515.0872,1
125258.6607,65,0,13,3,327680.8665,1
118966.2564,77,0,2,7,453599.915,1
139143.7525,46,0,11,3,456783.2732,1
57918.42585,48,2,19,3,367387.3438,1
107088.8871,31,3,12,7,191759.1944,1
104189.8945,75,0,18,7,72540.84945,1
103104.2922,67,2,20,4,91355.22101,1
134453.3763,36,2,12,5,167599.28,1
110075.0214,32,4,8,4,179186.4614,1
70585.11598,76,1,19,4,163115.1027,0
137975.9601,63,3,10,5,479184.9906,1
123099.7138,61,3,20,4,338760.4521,1
93856.70538,71,0,16,5,450902.1889,1
140654.117,51,4,10,2,315273.6613,1
50983.80994,53,4,8,3,176616.871,1
106269.6694,34,3,12,2,320849.1727,1
117231.1825,41,4,12,5,0.0,0
148095.3276,55,1,9,5,140021.4625,1
141851.4792,42,0,11,6,189713.2065,1
133460.3742,72,2,10,7,110808.0984,1
107249.2899,60,2,18,6,344599.1038,1
117951.1259,25,1,20,7,160057.9341,1
29795.47325,24,1,2,8,413771.2589,1
126288.0588,58,2,20,7,150455.1352,1
108204.5127,22,2,11,3,70334.40119,1
97012.04408,37,2,20,1,252644.2699,0
55113.98512,49,1,14,1,381824.8453,1
21259.7292,56,1,13,7,443356.3675,1
44066.98758,28,3,2,7,189529.3428,1
140298.8033,22,0,15,2,467602.4618,1
140924.8388,65,4,3,6,193012.5572,1
40299.19557,47,4,20,8,445597.9197,1
23673.94061,43,1,10,3,354994.2432,1
93844.21412,63,0,12,3,128867.9998,1
124950.6294,26,0,8,2,337277.2707,1
99362.26148,79,3,2,1,322152.4812,1
32516.44311,35,2,13,7,451167.9023,1
27186.93216,25,1,20,1,232174.2573,1
20739.20812,43,3,7,8,67483.25331,1
148754.26,45,0,20,7,125199.4178,1
84458.28902,68,0,15,5,317442.4491,1
142167.0415,35,1,20,7,312432.1467,1
64256.33197,45,3,15,4,77351.80071,1
52486.72933,23,2,16,8,184906.8348,0
30479.4186,43,4,18,0,202860.6082,1
134370.7116,67,2,5,5,443674.6856,1
147767.1898,20,2,17,7,366950.4067,1
39806.20295,41,4,4,6,270187.5506,1
40173.64574,22,3,17,4,118326.9407,1
22749.00042,58,2,18,5,289619.8647,1
150000.0,44,3,17,0,254918.9842,1
127716.4643,47,0,6,1,287346.9919,1
20705.73655,21,1,9,4,412183.4303,1
129829.2129,48,2,10,2,200203.802,1
97060.89307,67,0,7,7,2967.872572,1
33517.41991,60,0,11,3,164240.4093,0
57310.6348,41,2,17,3,122689.47,1
108850.1201,79,4,8,6,71580.38925,1
143727.5131,72,3,2,5,462081.5024,1
143964.8601,28,2,16,1,71734.21825,1
136286.4491,58,4,7,0,180343.8552,1
111169.9855,33,4,4,4,160476.4053,1
33852.29537,39,1,17,3,49633.49246,1
78037.8847,57,3,10,1,269083.7844,0
121275.6285,35,1,1,8,133718.6014,1
83089.06448,66,1,7,3,134768.7717,1
147167.5747,63,2,14,6,116494.7907,1
102905.7933,73,4,12,7,298655.8498,1
39318.83864,40,1,1,6,64588.33905,1
20757.96787,48,0,5,6,21115.90622,1
122964.188,73,0,3,4,227702.3333,1
51488.93742,43,4,5,2,289190.1004,1
109510.0036,26,0,16,0,141240.4384,1
134345.3401,51,4,20,7,386409.9349,1
75688.21543,55,2,20,2,369259.0478,1
137861.9621,42,4,13,8,160252.7854,1
20000.0,35,3,9,2,328133.2564,1
107893.0015,79,4,4,6,417490.2386,1
85221.70355,72,4,19,3,445773.6137,1
109147.5856,75,4,16,7,285928.9339,1
143087.1338,72,0,3,5,128634.964,1
127670.8817,65,0,7,2,16196.59473,1
81551.35897,73,2,18,7,481131.5924,1
125810.7478,74,0,11,0,287492.0096,1
150000.0,62,2,3,1,472646.3438,1
20428.46399,71,4,12,2,133536.1542,0
32979.78812,54,2,12,8,80087.26734,1
23808.83244,46,0,16,1,138517.3848,1
132989.1815,23,3,16,3,390029.6763,1
85731.41133,65,2,6,7,415046.5553,1
58264.54911,55,0,7,0,307107.5288,1
144163.5178,68,0,10,1,283782.7575,1
124792.0688,32,4,8,8,208481.6615,1
145391.9949,74,3,3,8,322637.5999,1
141620.7616,71,1,4,1,51072.12273,1
127974.6674,22,3,17,8,293646.1004,1
125877.1804,64,2,15,6,464098.5852,1
121927.2551,36,4,9,6,412881.3954,1
128979.4817,74,3,19,5,90926.39708,1
140227.0386,52,0,10,7,484530.7369,1
113153.9037,33,1,5,2,414531.1784,1
50516.91666,56,0,10,6,51021.02973,1
110449.8325,32,0,15,8,173044.7307,1
141821.8254,67,0,12,2,273587.6429,1
104099.4194,35,4,4,4,63868.91037,1
124744.2911,28,0,8,8,476708.2679,1
137210.5139,35,4,3,8,263069.7854,1
125376.2856,61,1,18,8,247665.2395,1
101365.4951,28,2,11,7,289883.4875,0
148070.1154,20,1,4,5,447062.0301,1
150000.0,20,1,6,5,203804.2533,1
107355.2292,69,4,11,8,187225.7692,1
97779.87744,73,1,18,2,195901.1261,1
127065.2262,41,1,12,0,73364.3144,1
89871.20514,68,3,10,1,305520.5833,1
38015.36516,51,4,20,4,45835.06496,1
127099.2998,28,3,12,7,287152.9211,1
141724.1111,22,2,18,5,142347.9882,1
54165.09964,42,4,6,3,270453.4772,1
139131.3041,28,3,5,5,453267.7207,1
33201.99445,21,0,7,0,101794.4276,1
116930.9179,33,0,7,8,53003.22014,1
115350.9572,41,1,2,2,338035.0501,0
31805.99375,55,2,6,1,159064.9693,1
128725.1542,53,1,20,3,313099.8664,1
143752.8999,20,2,15,1,482552.0947,1
33221.00756,33,1,1,8,368471.5708,1
34410.64784,31,2,12,4,346621.6572,1
81748.39838,78,3,12,1,151873.2967,1
51539.94366,24,1,15,6,402455.2619,0
24683.76296,38,1,10,8,310104.9594,1
136442.6409,72,0,10,3,123577.627,1
55533.91499,53,2,17,8,341331.2817,1
101254.7645,23,0,18,0,131651.9691,1
88403.91989,80,3,8,8,331991.5835,1
79617.49621,70,1,18,5,325494.9474,1
36230.51749,48,3,9,2,8516.444152,1
48952.21286,56,0,1,8,102161.6578,1
64951.93287,49,2,2,8,409149.6382,1
27821.99848,23,3,1,5,496141.0901,1
27093.83922,28,3,8,6,390799.7961,1
149964.8787,67,0,11,1,289184.0299,1
56741.06862,49,2,9,8,188665.2151,1
125627.8293,34,3,9,3,349020.438,1
150000.0,34,0,14,6,132099.4474,1
92714.26562,80,2,4,3,343280.501,1
33226.61202,46,0,14,4,77504.04803,1
78888.27137,68,2,4,5,84653.52426,1
81513.90275,74,2,19,2,150837.4638,1
41343.17497,43,3,10,1,434724.5092,1
30379.79251,48,3,16,5,130374.5088,1
95577.83692,80,1,20,8,398534.0307,1
137832.7836,46,4,19,0,407593.4922,1
149384.5322,58,2,11,2,50725.88604,1
20140.30703,74,3,10,7,388973.5405,1
147441.6825,37,1,15,1,243178.5821,1
86535.34297,62,2,8,1,281566.55,1
150000.0,78,2,11,4,253849.948,1
35202.42158,40,0,2,6,468617.0196,1
84634.00726,71,0,3,8,500000.0,1
101851.9217,78,0,8,2,422951.3484,1
57729.56101,44,2,13,5,35059.71134,1
111619.476,37,4,2,3,101808.1504,1
89648.59903,71,1,3,5,21656.35176,1
142192.9999,41,4,18,2,317215.8923,1
108257.857,69,0,6,6,363387.4634,1
29460.05919,47,3,10,6,90859.41171,1
104181.7422,69,0,15,8,287915.9093,1
106529.4463,20,1,18,4,418594.1964,1
101175.0318,29,3,7,1,422360.0405,0
34669.48522,58,4,14,5,132938.3016,1
26629.01675,31,3,20,7,445536.5342,1
106208.6438,61,2,20,3,133466.8831,1
69341.48891,49,4,19,2,457732.2191,1
57083.67228,54,2,2,8,303942.7219,1
150000.0,56,3,19,1,374845.3551,1
108793.993,39,0,6,7,53699.13107,0
137625.5538,77,4,7,6,402300.9862,1
27989.16787,37,1,13,5,56382.09676,1
33711.78721,32,3,3,5,125514.6471,1
130201.4621,59,3,14,7,219716.8421,1
47482.81004,37,4,16,8,205279.5447,1
22770.83963,51,4,16,8,137653.4706,1
33131.94753,35,3,11,4,172541.8249,1
103711.0446,70,4,1,5,477512.3176,1
20000.0,24,2,15,6,140168.5554,1
20000.0,52,1,3,4,56216.58693,1
30781.07274,58,4,1,5,0.0,1
68137.9086,50,4,17,1,225870.235,1
137519.1124,50,4,9,0,477984.4199,1
58256.33954,47,0,14,6,383583.0667,1
20000.0,68,1,2,2,309608.6912,1
124107.3918,50,0,3,6,282299.5979,1
116003.3797,67,4,14,5,13989.50448,1
40641.88742,43,4,17,2,175979.8604,1
95164.79018,61,2,16,7,298376.7479,1
33536.75554,54,2,1,3,339148.7464,1
33002.28517,27,3,9,2,435168.1181,1
54496.32543,47,3,1,0,307802.0907,1
123690.819,51,0,18,0,202377.6273,0
125856.0404,79,2,2,6,474557.4913,1
20609.88696,34,3,14,8,423847.3516,1
61754.94679,55,4,4,4,426934.5059,1
107514.9674,31,4,9,8,398788.1908,1
28751.26107,60,2,10,0,0.0,0
87580.91422,75,1,18,8,282511.9095,1
129181.382,75,2,7,4,384871.3639,1
97828.08884,66,2,15,0,399446.6962,1
20000.0,24,1,14,1,223204.6495,1
